SYSBOCE001@haier.com,123456
SYSBOCE002@haier.com,123456
SYSBOCE003@haier.com,123456
SYSBOCE004@haier.com,123456
SYSBOCE005@haier.com,123456
SYSBOCE006@haier.com,123456
SYSBOCE007@haier.com,123456
SYSBOCE008@haier.com,123456
SYSBOCE009@haier.com,123456
SYSBOCE010@haier.com,123456
SYSBOCE011@haier.com,123456
SYSBOCE012@haier.com,123456
SYSBOCE013@haier.com,123456
SYSBOCE014@haier.com,123456
SYSBOCE015@haier.com,123456
SYSBOCE016@haier.com,123456
SYSBOCE017@haier.com,123456
SYSBOCE018@haier.com,123456
SYSBOCE019@haier.com,123456
SYSBOCE020@haier.com,123456